CustomerName,total_profit,total_Qty,total_sales,score_combination
"Edna Goodwin",942.29,61,3642.52,4444
"Patrick Hendrix",7529.14,107,27828.72,4444
"Charles Ward",2542.25,88,4672.35,4444
"Bernice Stanley",4721.78,57,6843.16,4444
"Warren Carver",1438.55,124,5633.75,4444
"Vivian Hodge",1390.01,68,7183.43,4444
"Juanita Ballard",7188.14,95,21661.96,4444
"Pamela Wiley",3331.43,738,27349.55,4444
"Lester Stuart",9248.89,119,14954.99,4444
"Carmen Elmore",1025.33,122,5452.86,4444
"Dana Waller",1039.64,64,7083.94,4444
"Priscilla Kane",5504.26,948,61610.6,4444
"Joy Petty",1451.71,87,3524.66,4444
"Peter McConnell",2081.21,100,6794.35,4444
"Dwight Robinson",2366.37,96,20107.43,4444
"Milton Padgett",2021.98,55,5045.73,4444
"Eleanor Swain",3262.5,700,34482.36,4444
"Julia Reynolds",2349.15,77,6488.64,4444
"Helen Stein",9818.77,69,16700.95,4444
"Joshua Keller",7430.03,84,11905.54,4444
"Betsy Puckett",3337.09,73,7189.7,4444
"Kerry Wilkerson",1764.21,78,8788.37,4444
"Calvin J Marcus",772.36,91,8574.93,4444
"Russell Chan",1169.64,86,4509.02,4444
"Vernon Hirsch Singleton",2923.73,63,9077.26,4444
"Dennis Welch",2946.79,95,7238.12,4444
"Tammy Raynor",3168.37,698,36337.89,4444
"Laurie Hanna",905.06,93,4041.16,4444
"Wayne Bean",3105.53,76,5874.28,4444
"Marie Bass",1005.98,365,11516.76,4444
"Alfred Barber",8368.8,84,20072.38,4444
"Maurice Everett",1507.88,363,24346.66,4444
"Stuart Wiley",5377.26,112,11653.85,4444
"Jonathan Hong",806.35,89,7390.45,4444
"Cameron Kendall",1514.49,73,5075.84,4444
"Juan Gilbert",4802.15,74,14896.12,4444
"Eddie House Mueller",982.25,740,33993.5,4444
"Roger Hopkins",3406.52,117,3807.26,4444
"Gordon Brandt",7228.9,748,123745.62,4444
"Sean Herbert",5365.09,60,10133.6,4444
"Max McKenna",1134.09,105,4758.07,4444
"Tammy Goldman",1951,77,6580.67,4444
"Kate McKenna",1495.64,62,3842.64,4444
"Arthur Glass",2733.72,74,4512.9,4444
"Kate Glover",3624.77,94,5496.34,4444
"Alexander O'Brien",2542.23,414,16977.5,4444
"Edna Pierce",9118.14,94,10883.06,4444
"Nina Horne Kelly",16432.45,223,78243.6,4444
"Yvonne Mann",2013.53,586,36325.04,4444
"Esther Whitaker",1221.7,100,4022.18,4444
"Dana Rankin",3681.93,103,9807.43,4444
"Rosemary O'Brien",7272.49,693,86540.75,4444
"Patrick Adcock",1976.68,88,4570.84,4444
"Erin Brandt Spivey",5778.4,82,8952.56,4444
"Jimmy Han",3848.83,282,18559.43,4444
"Herbert Holden",2687.58,592,38105.95,4444
"Roberta Mitchell",3162.97,92,4994.08,4444
"Diana Schultz",4986.64,56,12476.15,4444
"Peter Brooks",3000.31,625,29810.78,4444
"Joanne Chu",2777.25,123,4414.29,4444
"Maria Russell",2045.46,61,3938.81,4444
"Martin Kirk",2622.56,84,4891.1,4444
"Judith French",3532.9,97,12083.65,4444
"Ray Oakley",1449.07,115,8658.37,4444
"Gerald Crabtree",2411.9,65,5296.39,4444
"Maxine Collier Grady",1063.16,781,34934.86,4444
"Charlotte Stanton",962.48,94,3557.32,4444
"Randall Montgomery",6500.67,120,10245,4444
"Marcia Greenberg",4124.75,105,11757.28,4444
"Leigh Burnette Hurley",9289.94,992,83651.7,4444
"Jacqueline Noble",1679.68,266,23628.97,4444
"Debbie Stevenson",3957.9,60,7715.89,4444
"Grace Vaughn",8956.06,73,13016.75,4444
"Sidney Scarborough",871.97,77,3611.02,4444
"Seth Davies",2348.32,76,4410,4444
"Karen O'Donnell",2008.94,71,3654.36,4444
"Alex Harding",2602.96,81,18764.3,4444
"Kim Byrd",2343.68,58,4501.6,4444
"Sean McKenna",1637.41,115,6181.19,4444
"Juan Justice",4216.06,81,9436.06,4444
"Lynne Reid",2271.72,91,5672.11,4444
"Andrew Levine",3253.44,894,43756.19,4444
"Tracey Gross",4035.47,88,7639.42,4444
"Edward Pugh",5549.28,76,8060.47,4444
"Lynn Moss",1580.8,91,3521.36,4444
"Tamara Dickinson",3480.65,53,5989.03,4444
"Tommy Ellis Ritchie",1077.35,94,4812.06,4444
"Pauline Denton",4269.79,77,12647.15,4444
"Mary Page",2969.09,67,8803.71,4444
"Glen Caldwell",6469.93,986,89269.7,4444
"Miriam Snow",8759.73,79,13128.18,4444
"Dana Sharpe",3484.35,416,57021.38,4444
"Timothy Ross",963.41,355,26259.68,4444
"Frank Cross",8654.06,205,44016.49,4444
"Marian Alexander",2715.05,96,6083.06,4444
"Lillian Day",6674.65,56,9847.61,4444
"Marjorie Pope",1426.48,394,22226.23,4444
"Sharon Marcus",4559.45,70,6692.55,4444
"Keith Fowler",2257,71,5084.72,4444
"Don Beard",1901.09,56,4147.37,4444
"Ryan Rosen",909.78,62,4710.23,4444
"Ashley Neal",2106.57,77,5223.13,4444
"Christopher High",3103.48,96,6298.66,4444
"Bruce Stark",912.61,106,6960.05,4444
"Danny Francis Bell",5098.48,66,12071.02,4444
"Eva Simpson",5318.21,106,9640.24,4444
"Anita Boyle",2248.38,73,5424.39,4444
"Lawrence Dennis",3478.29,106,10597.04,4444
"Leslie Woodard",1239.68,122,3528.74,4444
"Clarence Crowder",2835.69,55,6565.06,4444
"Kara Gregory",5955.02,551,47971.14,4444
"Larry Hall",5365.18,101,9384.84,4444
"Kara Allison",1086.07,62,4875.81,4444
"Carmen McPherson",2371.62,112,7835.12,4444
"Annie Livingston",2383.42,111,7504.98,4444
"Jerry Webster",854.85,127,7586.55,4444
"Rhonda Bryant",4538.24,76,5338.18,4444
"Gayle Lawson",924.59,57,7656.06,4444
"Annie Odom",9243.58,77,13850.56,4444
"Emily Britt",2445.75,391,11485.6,4444
"April Bowers",1743.41,67,6183.02,4444
"Judy Frazier",2167.49,139,4795.5,4444
"Julian Stallings",1942.93,60,6931.92,4444
"Vicki Shannon",4687.34,86,4238.96,4444
"Shawn Adler",793.05,69,4571.01,4444
"Yvonne Stephens",4778.23,75,7843.2,4444
"Katie Dougherty",5027.51,86,14924.99,4444
"Rodney Horn Kirby",2114.03,59,3533.42,4444
"John Merritt",3692.98,77,5877.45,4444
"Ruth McConnell Young",2601.4,726,55257.89,4444
"Sara O'Connor",2859.49,63,5528.44,4444
"Matthew Berman",3317.77,65,7376.86,4443
"Norman Benton",1561.03,82,4613.1,4443
"Dana Teague",4556.53,311,61298.98,4443
"Lois Hansen",1666.11,166,12102.79,4443
"Amanda Kay",777.48,253,55793.4,4443
"Ricky Dougherty",3220.77,74,7181.43,4443
"Gene Heath Cross",1127.58,69,5546.86,4443
"Leroy Field",2513.16,70,8593.08,4443
"Gayle Waller",2411.66,106,4269.84,4443
"Harvey Barrett",845.57,105,3746.69,4443
"Larry Church",1056.72,75,3541.76,4443
"Jimmy Alston Holder",3326.99,55,9435.98,4443
"Paul Cooper",2360.96,93,6145.59,4443
"Toni Swanson",3663.7,366,40870.86,4443
"Kristine Connolly",4195.6,616,81296.39,4443
"Robert Cowan",1508.32,67,6394.93,4443
"Richard McClure",9700.95,131,16355.43,4443
"Patricia Cole Blair",1909.05,82,4274.07,4443
"Sandra Moran",1565.23,57,6156.71,4443
"Ray Grady",3069.5,80,4942.21,4443
"Dorothy Holt",1529.8,92,3856.58,4443
"Bob Dickens",1528.34,177,13242.47,4443
"Kelly Byers",6593.4,58,12762.61,4443
"Dwight Albright Huffman",10427.95,53,16612.69,4443
"Joseph Dawson",3006.02,74,4599.84,4443
"Douglas English",4932.91,83,4237.16,4443
"Louis Parrish",4295.42,855,32893.42,4443
"Jon Ayers",1197.18,59,6829.45,4443
"Luis Lang Rowe",791.03,59,3960.24,4443
"David Weaver",1185.76,80,4005.66,4443
"Marvin Hunt",1436.55,54,3950.34,4443
"Megan York",2290.03,85,5430.74,4443
"Paul Tate",3531.86,352,29627.7,4443
"Steve Martin",5858.79,63,12299.96,4443
"Robyn White",1359.25,67,3783.59,4443
"Erin Ballard",3547.17,308,21346.26,4443
"Joy Maxwell",1062.35,61,4100.54,4443
"Rebecca Abrams",1075.08,87,5401.36,4443
"Norman Adams",3247.44,58,6683.94,4443
"Kathleen Huang Hall",2385.14,61,4233.54,4443
"Jan Cross",2661.35,73,7066.75,4443
"Beverly Roberts",1034.32,90,8873.22,4443
"Ralph Woods Scott",2437.5,77,4260.19,4443
"Troy Moon",1729.26,78,4063.65,4443
"Bobby Dorsey",8808.32,74,13284.11,4443
"Marvin Patrick",3301.61,536,24607.72,4443
"Marguerite Norton",7513.58,111,16774.58,4443
"Jeanne Nguyen",1492.82,63,5674.98,4443
"Lewis Khan",2335.93,58,4120.93,4443
"Ruth Lamm",6438.24,121,13703.35,4443
"Caroline Morton",7221.82,322,52806.01,4443
"George Shields",8774.65,56,16352.48,4443
"Andrea Shaw",17536.85,93,26284.68,4443
"Cindy Harvey",3706.94,53,6156.17,4443
"Nelson Hensley",1464.26,351,16510.38,4443
"Bradley Schroeder",1476.2,59,12956.45,4443
"Ronnie Dodson",2400.68,302,20268.54,4443
"Geoffrey Saunders",3478.16,424,26406.82,4443
"Bonnie Potter",3314.11,75,5014.28,4443
"Kathryn Jenkins",4981.47,87,13270.29,4443
"Douglas Sutton",3995.43,76,6384.45,4443
"Debra Proctor",2531.21,80,11070.38,4443
"Anita Kang",7458.67,82,19719.22,4443
"Tom Hoyle Honeycutt",4008.74,62,12597.99,4443
"Mary Norman",1953.06,68,4724.33,4443
"Brenda Jain",2696.4,125,13959.62,4443
"Malcolm S Lanier",1386.21,64,3870.27,4443
"Herbert Reddy",954.28,75,4623.87,4443
"Lillian Fischer",5108.42,59,11060.53,4443
"Scott Bunn",5144.76,397,54091.64,4443
"Marian Willis",4021.08,68,7836.06,4443
"Benjamin Gunter",999.45,60,4189.29,4442
"Shirley Meadows",7362.3,74,13465.07,4442
"Deborah Paul",11080.49,53,17321.24,4442
"Jesse Williams Katz",11820.75,101,19781.52,4442
"Emma Sparks",4910.86,105,13983.92,4442
"Betty Barbour",1704.08,62,5680.18,4442
"Nicole Goldstein",2179.76,71,4066.66,4442
"Rick Foster Hawkins",1329.02,296,19224.31,4442
"Max Hubbard",5420.18,60,7671.37,4442
"Nicholas Wallace",3570.36,72,5730.86,4442
"Eileen Schwartz",1237.92,80,17922.6,4442
"Hazel Jones",2623.44,67,5014.1,4442
"Jackie Capps",2372.11,78,6017.76,4442
"Sue Drake",1493.82,66,15758.7,4442
"Miriam Greenberg",2503.82,98,5294.77,4442
"Eva Decker",3652.54,71,10595.37,4442
"Sharon Dickinson",1597.97,91,3746.55,4442
"Edna Monroe Talley",4599.94,57,7740.89,4442
"Faye Manning",796.63,80,3765.14,4442
"Hazel Jennings",1281.93,468,43039.98,4442
"Ellen Kirkland",6761.29,97,11765.4,4442
"Caroline Johnston",4078.04,560,27192.11,4442
"Danny Cain",4582.45,66,6947.12,4442
"Jason Hernandez",1464.66,120,28081.4,4442
"Marlene Harrison",1064.26,74,4947.17,4442
"Anthony Goodwin",2452.46,399,28421.54,4442
"Neal Wolfe",5529.45,864,69118,4442
"Jim Roberson",2711.06,56,8953.59,4442
"Ernest Dawson",2453.68,63,14620.79,4442
"Marguerite Yu",3683.03,76,7217.03,4442
"Norma Kendall",4460.25,55,9588.89,4442
"Helen H Murphy",1106.95,58,3527.5,4442
"Nina Bowles",3627.27,88,5447.5,4442
"Dennis Block Richardson",5236.01,84,11568.84,4442
"Calvin Boyette",1914.02,64,3553.3,4442
"Christopher Bryant",5255.6,160,12741.97,4442
"Wallace Werner",1870.21,82,4596,4442
"Rodney Field",1940.98,54,4527.09,4442
"Chad Henson",4377.1,91,8106.23,4442
"Karl Knowles",5781.55,108,9351.78,4442
"Sally Liu",1449.61,58,5449.4,4442
"Albert Frost",3433.93,152,9787.62,4442
"Sarah Huang",2912.26,60,4344.75,4441
"Vivian Hunt",1662.55,83,20618.18,4441
"Kara Patton",4858.19,125,12308.3,4441
"Carlos Hanson",6404.32,92,11979.27,4441
"Oscar Kenney",3651.46,55,5592.72,4441
"Alexandra Kumar",1196.44,62,5308.57,4441
"Diana Coble Hubbard",2341.13,79,4271.93,4441
"Alfred Burton",1576.23,63,4614.86,4441
"Richard Tan",1884.94,64,4010.06,4441
"Judy Singer",1499.84,110,10078.07,4441
"Geoffrey H Wong",5583.84,68,2187.87,4434
"Sharon Kessler",860.17,117,2018.33,4434
"Edna Freeman",1932.7,65,2835.84,4434
"Julie Porter",993,101,3351.12,4434
"Dana Jain",1556.56,82,3438.02,4434
"Kim Reese",1109.72,54,2676.69,4434
"Barbara Whitfield",1407.37,62,2783.57,4434
"Leslie Hawley",1543.49,62,3235.99,4434
"Ron Dillon",808.81,66,1672.25,4434
"Rhonda Stein",3029.48,57,2464.35,4434
"Carole Creech",977.09,60,2471.39,4434
"Larry Neal",1229.14,75,2030.92,4434
"Florence Gold",807.36,67,1924.32,4434
"Irene Murphy",1155.9,61,2925.98,4434
"Yvonne Fox",1330.72,66,2901.98,4434
"Janet Bryant",1312.85,56,3456.35,4434
"Francis Kendall",845.06,67,1490.56,4434
"Evan Kelley",854.35,86,2719.32,4434
"Anne Kelley",884.43,76,2730.02,4434
"Todd D Norris",2315.88,91,2342.54,4434
"Harry Burns",1327.97,60,3249.93,4434
"Marvin Reid",1256.21,85,2308.87,4434
"Guy Gallagher",1018.68,88,2795.48,4434
"Pam Bennett",1678.24,68,3339.23,4434
"Adam Barton",1045.62,85,2594.96,4434
"Laurence Cummings",4433.07,73,1965.24,4434
"Christina Thompson",940.82,57,2321.82,4434
"Helen Simpson",1074.7,65,2501.85,4434
"Lucille McGee",943.15,73,2525.41,4434
"James Hunter",979.54,79,2750.53,4433
"Courtney Nelson",1507.09,71,2956.12,4433
"Joanna Hill",1007.88,71,2812.97,4433
"Colleen Wilcox",1449.72,63,2640.73,4433
"Norman Burnette",837.33,58,2308.79,4433
"Amanda Wright",1204.8,77,2907.56,4433
"Penny Rich",783.02,57,2345.37,4433
"Roger Meyer",1639.99,77,2575.03,4433
"Tracey Garcia",1000.48,56,1984.73,4433
"Elisabeth Massey",2073.83,54,3158.32,4433
"Fred Barber",767.89,56,1479.55,4433
"Rick Ellis",7730.01,58,2267.29,4433
"Jean Webster",1332.64,96,3213.87,4433
"Rebecca Frazier Foley",1019.48,54,3203.35,4433
"Arlene Lutz",849.7,67,1647.11,4433
"Megan Woods",1467.62,83,3455.85,4433
"Cecil Berger",4237.27,69,1607.2,4433
"Ann Allen",1479.85,81,2287.44,4433
"Yvonne Collier",1842.9,59,2887.48,4433
"Neil Barbee",858.6,58,1566.15,4433
"George Bowen",2207.79,54,3413.87,4433
"Thomas McAllister",955.71,57,2834.67,4433
"Ricky Garner",2387.54,54,2469.72,4433
"Wesley Corbett",1123.32,72,2636.08,4433
"Adam Saunders Gray",1125.23,71,3201,4432
"Larry Arnold",1854.43,64,2985.81,4432
"Sherry Hurley",5277.53,99,1562.46,4432
"Norma Oliver",1519.41,80,2867.15,4432
"Paula Koch",875.11,94,1756.4,4432
"Lucille Buchanan",1370.06,103,2923.72,4432
"Edwin Coley",1743.59,54,3444.18,4432
"Anna Glenn",1538.25,56,2446.62,4432
"Dwight Hwang",2265.69,61,3332.31,4432
"Neal Helms",917.66,55,2810.48,4432
"Cindy Ennis",992.36,65,2169.52,4432
"Katharine Bass",1599.87,57,2822.02,4432
"Angela Larson",1161.93,54,2268.39,4432
"Thelma Murray",1461.62,113,2892.97,4432
"Brenda Nelson Blanchard",1122.15,97,1986.91,4431
"Victor Cherry",1183.31,54,2512.32,4431
"Kristine Singleton",866.38,63,3108.68,4431
"Jeff Meadows",4568.08,53,3168.36,4431
"Constance Robertson",1675.32,80,1052.78,4424
"Bob Harrington",1223.84,57,663.49,4424
"Natalie Snow",4404.54,87,1033.46,4424
"Alison Starr",1239.6,63,467.33,4424
"Allan Shields",1206.58,62,984.08,4423
"Danielle Daniel",3021.81,52,6806.34,4344
"Joann Moser",806.17,47,3532.4,4344
"Tracy G Starr",1561.35,31,4445.98,4344
"Marilyn Blalock",2062.31,38,4825.99,4344
"Monica Law Thompson",2436.48,50,3487.88,4344
"Valerie Whitfield",6091.98,33,9196.47,4344
"Valerie Hahn",6576.02,49,11994.19,4344
"Brad Stark",7051.46,35,5404.04,4344
"Edith Norton",2293.27,32,3998.89,4344
"Ricky Y Newman",838.21,47,7103.55,4344
"Wanda Stafford",2493.82,28,4209.86,4344
"Meredith Brandon",1106.87,50,3974.09,4344
"Thomas Frazier",5111.02,35,8955.34,4344
"Shawn McIntyre",3291.2,50,5745.23,4344
"Leah Davenport",3799.38,50,8370.14,4344
"Tonya Proctor",3109.19,49,8496.05,4344
"Ruth Stout",8434.54,36,14511.03,4344
"Glenda Dougherty",4375.79,33,6530.28,4344
"Norman Ward",1918.73,42,4674.04,4344
"Gary Grimes",1258.36,36,3734.13,4344
"Molly Browning",1662.14,43,5812.24,4344
"Brian Bennett",5927.44,34,9270.87,4344
"Harold Briggs",3246.4,47,10696.77,4344
"Stacey Bowers",2899.11,33,6443.53,4344
"Neil Hahn",2811.57,46,5660.15,4344
"Carole Miller",1118.61,38,9176,4344
"Marilyn Bishop",5296.34,47,10559.33,4344
"Erin Erickson",1116,47,7621.18,4344
"Brett Hawkins",1322.95,51,3886.32,4344
"Caroline Stone",2028.15,52,4179.42,4344
"Melanie Burgess",2793.41,42,4267.96,4344
"Thomas Spence",940.04,47,4017.46,4344
"Ann Steele",2104.59,48,4441.45,4344
"Frances Jackson",1552.66,53,4953.68,4344
"Lee Xu",1436.88,48,22952.28,4344
"Herman Decker",1557.83,51,4614.96,4344
"Jose Chan",3417.67,29,4953.14,4344
"Leon Peele",2235.4,43,3855,4344
"Joel Buckley",2446.95,50,3874.5,4344
"Shelley Grant",7278.72,46,10887.77,4344
"Laurie Moon",2712.38,47,4315.35,4344
"Joann Davidson Rich",1152.77,49,7997.76,4344
"Dean Rosenberg",1534.41,31,6503.04,4343
"Andrew Connor",1398.85,41,5530.16,4343
"Mildred Steele",4784.13,33,7329.92,4343
"Gretchen Davis",1988.53,42,4366,4343
"Vincent Cash Bryant",2045.87,41,3750.72,4343
"Kyle Bloom",7223.67,30,7767.55,4343
"Gayle Christian",5326.89,52,9794.54,4343
"Melanie Ray",931.8,53,4483.75,4343
"Jesse Williamson",3632.78,52,5264.9,4343
"Sidney Greenberg",1259.92,48,3655.08,4343
"Stuart C Robinson",2215.36,51,4298.7,4343
"Donald Montgomery",8007.35,44,12933.97,4343
"Leo Riley",5091.9,45,9424.55,4343
"Keith Liu Duncan",1050.97,50,3500.83,4343
"Ross Kent",2579.11,37,4903.29,4343
"Terri Hanson",2357.26,37,5299.08,4343
"Norman Shields",2265.58,50,6292.8,4343
"Stacy Gould",4339.63,45,7389.84,4343
"Joy Park",3532.39,39,5404.06,4343
"Alicia Wood Shah",1264.94,28,3616.26,4343
"Wayne Sutherland",1269.43,40,5041.21,4343
"Edgar McKenzie",2255.55,47,6293.23,4343
"Anna Ellis",3675.81,51,9647.63,4343
"Walter Young",5668.17,52,12588.57,4342
"Eugene T Duffy",2806.47,41,4390.32,4342
"Lindsay Shepherd",2724.45,40,4295.24,4342
"Wayne Mullins",2120.08,36,3749.02,4342
"Aaron Riggs",1081.31,44,3760.17,4342
"Vincent Hale",2718.85,43,4810.3,4342
"Ronnie Proctor",4249.11,30,6476.1,4342
"Regina Phillips",3008.5,35,5016.07,4342
"Cathy Hutchinson",17306.63,33,5201.03,4342
"Judith Wallace",1555.93,49,3873.59,4342
"Alice Brady",1926.95,32,3536.77,4342
"Thomas Yu",1307.03,45,4771.55,4342
"Clyde Burnett",1267.97,29,3688.25,4342
"Lester Wilcox",2323.29,47,3676.11,4342
"Hilda Porter",2153.9,32,5819.59,4342
"Jackie Wu",1459.55,49,3543.41,4342
"Marc McDaniel",2775.2,53,9154.64,4342
"Hannah Carver",2301.79,40,3837.8,4342
"Elisabeth Stephenson",4420.85,46,8013.97,4342
"Phyllis Jacobson",2001.3,38,6882.43,4342
"Ellen McCormick",1396.51,35,5825.89,4342
"Lewis House Stokes",4117.71,32,5967.69,4342
"Mary Larson",7608.04,37,12952.11,4342
"Scott McKenna",6049.14,37,10234.72,4342
"Peggy Lanier",1851.38,48,3730.83,4342
"Beverly Baker",2190.32,53,3865.7,4342
"Jon Hale",3240.08,40,5191.16,4342
"Catherine Dorsey Burnett",2566.84,41,4269.31,4341
"Dorothy Huff",1256.81,33,6168.99,4341
"Penny Tuttle",2447.7,32,3749.58,4341
"Pat Kinney",5403.8,34,7831.6,4341
"Milton Phillips",2404.93,43,3604.21,4341
"Amy Shea",2078.25,46,3494.8,4341
"Shawn Meyer",2702.68,30,3916.93,4341
"Leah Clapp",4052.43,43,7443.2,4341
"Lindsay O'Connell",3432.09,45,5368.34,4341
"Christopher Meadows",8804.81,43,15309.4,4341
"Jack Hatcher",5172.63,38,8412.62,4341
"Edith Reynolds",2316.99,51,4313.32,4341
"Marc Simon",1231.15,41,2416.22,4334
"Veronica Peck",913.85,49,2984.66,4334
"Justin Frank",1046.04,37,2609.6,4334
"Harvey Wong Bates",860.34,33,3042.48,4334
"Joanne Church",785.6,46,1953.48,4334
"Glenn Jain",1268.64,49,2061.55,4334
"Andrew Todd",930.63,41,1661.71,4334
"Kelly Burnette",1148.13,53,2624.65,4334
"Julian Skinner",1377.12,40,2007.04,4334
"Terri Lyons",838.4,38,1769.3,4334
"Claudia Webb",3250.27,46,1437.12,4334
"Emma Bowles",1921.15,49,2787.98,4334
"Tom Cox",1686.59,41,2444.33,4334
"Jean Bryan",1285.84,40,3201.35,4334
"Geoffrey Ayers",1068.91,46,2073.86,4334
"Annie Horne",816.7,45,1991.86,4334
"Elizabeth Herman",1531.03,38,3451.7,4334
"Harriet Moore",1307.28,38,2790.33,4334
"Carolyn Bowling",5690.73,30,2817.39,4334
"Daniel Richmond",1108.34,48,2831.95,4334
"Mildred Chase",922.91,40,1951.58,4334
"Tonya Miller",1324.27,42,3347.32,4333
"Matthew Kearney",795.67,44,1476.84,4333
"Dawn Larson",807.67,48,2235.28,4333
"Neil Jacobson",1100.38,35,2091.93,4333
"Francis Goldberg",1335.16,33,2858.7,4333
"Glenda Simon",963.19,44,1771.9,4333
"Carolyn Hoffman",856.07,52,1944.3,4333
"Stephanie Sun Perry",2038,36,3151.59,4333
"Dana Heller",1893.18,30,2897.09,4333
"Julie Willis",1229.19,28,2555.85,4333
"Robert Brantley",1274.82,48,2032.52,4333
"Cameron Owens",1139.37,38,1262.59,4333
"Arlene Rouse",1547.32,29,2242.49,4333
"Adam G Sawyer",1643.01,48,3096.87,4333
"Nancy Combs",1151.68,35,1828.24,4333
"Benjamin McGee",1448.59,33,2522.11,4333
"Eileen Dalton",2661.18,45,2992.08,4333
"Marguerite Rodgers",1356.99,51,3110.22,4333
"Glen Robertson",1328.56,52,2084.83,4333
"Lester Sawyer",6059.54,39,3063.14,4333
"Jason Bell",1274.85,52,1847.61,4333
"Gene Diaz",1741.84,38,2642.51,4333
"Danielle Schneider",837.53,39,2486.05,4333
"Hilda Bennett",1410.95,36,2643.19,4333
"Seth Berry",1615.62,46,2937.25,4333
"Don Cameron",1009.5,34,1963.26,4333
"Janice Woods",1186.39,47,2912.16,4333
"Allen Nash",888.78,47,2481.97,4333
"Dana Desai",1007.53,47,1651.21,4333
"Tracy Buckley",4259.98,43,1652.28,4332
"Cheryl Curtis",1359.64,35,2129.07,4332
"Roy Rouse",1163.9,41,2143.16,4332
"Jose Gates Rodriguez",1569.66,39,2495.05,4332
"Helen Poole",1035.2,34,1500.29,4332
"Claude Meyer",768.94,35,2093.12,4332
"Diana Xu",1571.61,35,2424.7,4332
"Renee Ellington",4160.42,36,3376.23,4332
"Christine Wilkerson",946.3,34,2149.84,4332
"Edna Thomas",1344.72,28,2424.69,4332
"Leroy Boswell",2113.94,31,3075.34,4332
"Vickie Gonzalez",1387.91,38,2472.39,4332
"Shirley Garner",900.25,48,2695.3,4332
"Stacy Barbour",1968.71,35,3308.94,4332
"Claudia Boyle",1042.98,29,1838.64,4332
"Margaret Olsen",5337.35,40,1854.79,4332
"Chris Rowland",1143.1,33,2349.52,4332
"Brooke Shepherd",1405.75,45,2512.52,4332
"Amanda Conner",1633.3,31,2701.48,4332
"Jeffrey Mueller",1376.35,32,2116.39,4332
"Gerald Kearney",1276.41,50,2925.59,4332
"Dolores Abrams",1738.1,45,3201.57,4332
"Penny Golden",1303.8,32,3079.49,4332
"Teresa Watts",1020.97,41,1793.64,4332
"Derek Sweeney",921.1,33,2730.66,4332
"Glen Newman",937.91,47,1386.89,4332
"Kelly Beatty",1446.45,39,2106.63,4332
"Harvey McDonald",959.12,33,2073.59,4332
"Sidney Cherry",1063.91,43,1701.4,4331
"Kathleen S Erickson",1180.45,29,2101.11,4331
"Debra Block",1361.53,52,3054.6,4331
"Gretchen Orr",1233.72,41,1583.62,4331
"Cameron Braswell",1249.42,40,1978.67,4331
"Francis Sherrill",830.68,32,1896.84,4331
"Carrie Duke",1576.85,43,3386,4331
"Bobby Powell",881.22,43,2687.95,4331
"Marianne Carey",1058.67,43,2609.85,4331
"Lester Cho",1421.23,38,3419.3,4331
"Bonnie G Keith",2238.09,45,566.72,4324
"Juan Gold",2671.93,36,740.67,4324
"James Fox",930.9,39,412.55,4324
"Ken H Frazier",7681.04,33,1044.44,4323
"Nicholas Donnelly",1615.28,35,574.93,4323
"Joel Burnette",6132.91,34,1193.22,4323
"Rachel Casey",1137.6,38,594.65,4323
"Bob Berg",853.04,52,938.45,4321
"Brandon Moser",1529.64,34,86.83,4312
"Kathy Hinton",1600.86,21,4162.6,4244
"Marie Daniel",12511.65,25,18197.82,4244
"Jonathan Cheng",3887.46,23,5771.4,4244
"Daniel S Glover",1094.74,15,12163.61,4244
"Randall Bridges",3321.51,18,4813.78,4243
"Karl Holloway",3263.5,24,4729.71,4243
"Bill Terrell",2231.36,26,3806.55,4243
"Hazel Graham",3769.91,26,10117.38,4243
"Ellen Beck",4633.09,24,7046.38,4243
"Glenda Herbert",2808.8,21,4070.73,4243
"Philip Olsen",5174.36,14,7499.07,4243
"Natalie McIntyre",2740.85,16,3972.24,4243
"Phillip Blum",4948.34,26,8498.71,4243
"Roberta Daniel",2719.81,25,4240.17,4242
"Edna Huang",4725.42,26,13591.76,4242
"Paul Cowan",989.25,18,4065.08,4242
"Priscilla Brandon",1599.78,23,4804.61,4242
"Craig Bryan",2820.44,24,6357.11,4242
"Pamela C Kane",6914.13,20,10020.48,4242
"Robin Bradford",3203.5,24,6962.6,4242
"Eugene Clayton",2948.26,12,5403.41,4242
"Kristin George",772.86,15,7026.44,4242
"Leonard Daly",3332.42,16,5597.12,4242
"Sidney Matthews",4730.18,13,6855.33,4242
"Denise Crabtree",4631.34,20,6712.09,4242
"Curtis O'Connell",2634.27,15,3833.85,4241
"Penny Leach",2225.08,22,3705.14,4241
"Vanessa Winstead",2463.06,22,5067.39,4241
"Maureen Herbert Hood",2888.49,26,4192.66,4241
"Jacob Hirsch",4407.44,15,7029.1,4241
"Mildred Mullen",4898.39,14,7099.12,4241
"Daniel Webb Stephens",4580.07,14,6637.78,4241
"Linda Blake",3458.08,20,5057.09,4241
"Jeanette Davies",7024.21,15,10180.01,4241
"April Henson",2694.51,19,3916.27,4241
"Ryan Chu",2996.27,13,4760.67,4241
"Joann Perry",4929.39,15,7144.04,4241
"Glen Green",1101.95,16,2296.42,4234
"Laura Carver Branch",867.07,22,1472.23,4234
"Ethel Coley",959.42,19,2801.75,4234
"Paul Puckett",919.29,25,1802.51,4234
"Gilbert P Sun",1254.84,22,2647.51,4234
"Kay Ivey Orr",895.15,25,1476,4234
"Robyn Connor",843.97,23,1923.09,4234
"Emma Mitchell",1306.9,16,1894.06,4234
"Glenn Jones",915.14,20,1865.7,4234
"Maureen Bradley",807.29,19,1923.81,4234
"Seth Rosenberg",1419.93,18,2057.87,4234
"Kent Hoover",901.07,24,1305.9,4234
"Louise Powell Dillon",1480.69,24,2359.25,4234
"Chris Bernstein",868.99,12,1259.4,4233
"Virginia Hardison",1317.3,21,2027.86,4233
"Joyce Kern",789.27,24,1259.76,4233
"Raymond Clark",1135.52,26,2344.37,4233
"Ronald Goldman Francis",2261.47,15,3277.49,4233
"Christian Lucas",2228.21,22,3403.49,4233
"Jim Hinson",1502.54,27,3046.85,4233
"Ricky C Sumner",828.54,28,2123.98,4233
"Frances Epstein",978.25,21,1512.5,4233
"Lewis Baldwin",2128.27,18,1769.63,4233
"Greg Malone",874.48,27,1694.5,4233
"Ann Pearson",932.03,21,2099.48,4233
"Erica Bynum",1021.39,24,2433.13,4233
"Dan McBride",1947.6,15,2822.61,4233
"Herbert Beard",1181.07,22,1924.35,4233
"Peter Adams",1447.24,17,2216.37,4233
"Betsy Ross Robbins",2357.51,12,3416.68,4233
"Nancy Schwartz",5379.5,21,2232.66,4233
"Jimmy Strauss",836.49,26,1902.71,4233
"Eddie Riggs",984.86,27,2014.96,4232
"Kyle Goodman",2315.65,19,3356.02,4232
"Marion Kaplan",2141.26,24,3103.28,4232
"Nicholas Pritchard",1446.93,25,1496.61,4232
"Sarah McCormick",1767.63,21,3300.95,4232
"Tina Jiang",2018.79,26,3226.07,4232
"Victoria Reed",1370.76,20,3309.23,4232
"Joel Willard",1662.92,20,3348.27,4232
"Kent Hardy",2014.94,14,2920.2,4232
"Jenny Sanchez",1312.04,13,2395.13,4232
"Carl Solomon",815.93,23,1605.78,4232
"Marion Stephenson",939.16,15,1891.99,4232
"Monica Harvey",871.1,25,1712.35,4232
"Arnold Gay",946.1,15,2631.15,4232
"Theresa Haynes",846.38,12,1226.64,4232
"Alexander Baker",947.78,22,1373.59,4231
"Kerry Elliott Parrish",2379.09,22,3447.95,4231
"Tonya B Horne",854.74,26,1371.84,4231
"Stacy Chang",1396.86,27,2099.71,4231
"Valerie Moon",1185.9,12,1998.36,4231
"Aaron Davies Bruce",1224.81,25,2389.77,4231
"Ken Watson",5759.44,26,2147.85,4231
"Mildred Briggs",1019.71,12,1477.84,4231
"Marsha Gibbons",1010.95,24,1465.14,4231
"Charlene Reynolds",857.41,23,369.38,4224
"Harriet Bowman",947.15,13,1084.34,4223
"Billy Bullock",1182.24,19,971.85,4223
"Anna Carpenter",821.45,23,1217.71,4222
"Ray Cook",1686.52,17,502.34,4222
"Paul Wood",1416.59,14,618.84,4222
"Kristina Collier",776.14,26,1218.26,4221
"Sam Maynard",1141.95,27,448.72,4221
"Beth English",776.77,21,1125.76,4221
"Natalie Raynor",2251.57,3,5972.59,4144
"Mary Henson",2707.33,4,4034.57,4143
"Martha Cunningham",3126.54,11,4531.22,4143
"Milton Bland",2562.38,10,21760.88,4143
"Elisabeth Hatcher",2177.54,11,3969.21,4142
"Jessie McDonald",3492.35,9,6347.19,4142
"Eric West",2516.05,11,3829.56,4142
"Evan Shore",6644.64,9,9629.91,4141
"Theodore Rubin",2860.93,8,4146.28,4141
"Harriet Wooten",2639.01,6,7303.05,4141
"Alex Tate",3557.2,6,5155.36,4141
"Gregory Barefoot",914.82,11,1458.58,4134
"Dorothy Cates",1383.32,11,2768.4,4133
"Ellen Avery",932.74,5,1432.3,4133
"Nina Perkins",1172.49,9,1699.26,4133
"Jeffrey Strauss",1570.28,9,2302.22,4133
"Nathan Jenkins",769.84,10,1704.14,4133
"Connie W Sutton",1403.95,9,2144.96,4133
"Craig Crabtree",1116.67,9,1769.17,4133
"Mary Gray",1104.28,8,1600.41,4133
"Keith Zhou",1032.48,7,1640.59,4132
"Carrie House",947.31,11,1835.09,4132
"Francis Bender",1632.37,8,2365.75,4132
"Claire Quinn",1029.1,9,1491.45,4132
"Warren Ball",1071.32,9,1552.64,4132
"Jessie Coble",968.82,11,1404.09,4132
"Allison Gunter",1040.62,10,1754.94,4131
"Alison Sharp",1623.95,8,2353.55,4131
"Elsie Siegel",1200.2,5,2311.15,4131
"Henry Khan",1142.08,11,1669.48,4131
"Lois Hamilton",1684.48,8,2441.27,4131
"Dawn Bailey",1585.09,8,2297.23,4131
"Meredith Walters",797.86,6,2011.32,4131
"Carolyn Proctor",943,9,1531.31,4131
"Evelyn Galloway",933.54,6,1352.95,4131
"Mildred English",923.48,10,1338.38,4131
"Brandon Gilliam",781.73,9,1132.94,4123
"Matthew Welsh",4897.92,11,477.72,4122
"Janet McCullough",3285.48,7,627.78,4121
"Linda Peacock",1106.98,2,211.98,4114
"Pauline Erickson Kirkland",1156.18,2,24.42,4113
"Calvin Ferrell",4714.85,6,50.75,4111
"Josephine Dalton",81.42,75,3926.15,3444
"Suzanne Shannon",661.9,80,4913,3444
"Clara Hauser",380.54,432,32848.53,3444
"Gretchen Best Wilkins",443.22,80,8598.35,3444
"Brad H Blake",505.43,102,19075.91,3444
"Billie Glass",379.95,83,3850.08,3444
"Roy Love",181.81,93,5013.13,3444
"Paige Powers",623.41,69,3965.68,3444
"Laurence Poe",295.83,80,3539.14,3444
"Nicole Harris",579.44,193,8117.9,3444
"Linda Weiss",593.57,348,8485.67,3444
"George Terry",569.7,78,4902.78,3444
"Lorraine Boykin",504.66,55,3916.89,3444
"Kathy Freedman",71.35,99,4718.53,3444
"Lee Fields",626.69,97,3836.69,3444
"Jeremy Orr",397.79,98,6451.46,3444
"Lucille Gibbons",433.46,218,5856,3444
"Kim McCarthy",344.63,65,3609.42,3444
"Lynn Payne",295.23,58,15457.27,3444
"Julie Edwards",377.23,449,14221.68,3444
"Wayne Bass",679.19,487,14226.24,3444
"Laurence Simon",217.83,61,3685.04,3443
"Vanessa Boyer",224.82,538,18390.46,3443
"Dolores Vincent",720.61,217,3958.31,3443
"Julia Haynes",645.01,75,4409.47,3443
"Meredith Bland",236.71,78,4567.56,3443
"Yvonne Clarke",453.91,97,15494.94,3443
"Kent Kerr",126.86,60,4048.48,3443
"Jennifer Zimmerman",646.03,84,3984.2,3443
"Constance Flowers",487.74,901,32612.31,3443
"Steve McKee",138.17,64,5268.83,3443
"Troy Hendrix",474.52,68,4264.98,3443
"Allison Kirby",216.99,306,31574.07,3443
"Robyn Buchanan",396.72,67,3928.48,3443
"Katherine Knight",319.55,252,5465.11,3443
"Anthony Greer",168.8,89,8158.05,3442
"Johnny Cline",270.31,73,12236.75,3442
"Daniel Huff",197.58,69,4963.92,3442
"Renee Huang",567.2,84,3943.64,3442
"Susan Carroll Berman",269.59,135,4712.13,3442
"Ashley Reese",178.48,123,10696.84,3442
"Joshua Lancaster",740.74,64,3710.01,3442
"Wallace Pugh",731.67,62,4710.35,3442
"Sam Carlson",410.12,60,4223.23,3442
"Ronnie Mathews",395.56,75,10018.53,3442
"Jeanne Werner",294.04,439,21009,3442
"Pam Patton",735.13,637,23082.56,3442
"Sandra Sharma",168.53,82,5005.54,3442
"Gloria Jacobs",611.7,92,11374.05,3442
"Denise Albright",109.63,317,6874.72,3442
"Hazel Lindsay",452.95,75,8133.44,3442
"Erika Jordan",502.36,60,11925.7,3441
"Kent Gill",186.48,93,4835.93,3441
"Kimberly Melvin",673.06,113,1537.45,3434
"Sue Nichols",656.94,78,1409.41,3434
"Christopher Horner",401.76,83,1779.35,3434
"Ricky Sanders",706.64,113,1520.6,3434
"Jimmy Hsu",235.47,86,3013.18,3434
"Edna Schroeder",649.55,68,2726.28,3434
"Gilbert Washington",462.14,62,2773.38,3434
"Victor Godfrey",346.27,71,3008.4,3434
"Sean Sparks",92.01,76,2113.59,3434
"Kimberly Reilly",723.22,67,2306.42,3434
"Doris Starr",730.57,69,1330.85,3434
"Erica Riddle",374.8,67,2689.46,3434
"Cindy Hinton",714.12,66,2205.61,3434
"Jordan Beard",533.53,54,1579.43,3434
"Faye Joseph",345.82,73,2024.64,3434
"Natalie Aldridge",366.58,61,2526.84,3434
"Joanna Kenney",316.47,124,1455.13,3434
"Jackie McCullough",71.79,91,2387.74,3434
"Sandra Shaw",511.5,62,1234.69,3434
"James Davenport",154.41,90,1750.12,3434
"Katherine Kearney",113.7,86,2400.68,3434
"Todd Werner",280.42,66,2975.5,3434
"Christy Watkins",516.17,63,2236.05,3434
"Charlene Grant",544.24,54,1665.54,3433
"Elisabeth Shaw",367.43,69,1461.6,3433
"Renee McKenzie",272.08,101,2486.35,3433
"Tiffany Merrill",666.06,74,2421.24,3433
"Carol T Pitts",352.87,68,1475.04,3433
"Florence Clayton",84.73,89,1407.27,3433
"Sheryl Cole",668.91,74,3435.21,3433
"Sharon Thomas",595.06,93,2719.28,3433
"Constance Ivey",112.1,66,1400.86,3433
"Marian Godwin",651.5,81,2194.19,3433
"Dan Lamm",85.64,69,2196.27,3433
"Harriet Hodges",77.34,230,2569.89,3433
"Peter Hardy",281.79,72,1463.78,3433
"Colleen Fletcher",53.94,101,3030.75,3433
"Rodney Christian Callahan",709.41,58,2593.45,3433
"Julia Padgett",63.19,56,1382.02,3433
"Gary Frazier",159.74,56,3472.5,3433
"Judy Kennedy",232.44,57,1314.18,3433
"Jordan Womble",321.66,102,3283.92,3433
"Anthony Foley",274.85,67,1305.81,3432
"Harvey Sanchez",176.49,82,1419.49,3432
"Marsha Roy",338.64,80,1248.58,3432
"Seth Matthews",279.07,73,1737.73,3432
"Eugene Kerr",489.99,88,1385.69,3432
"Rodney Kearney",131.7,81,2688.28,3432
"Angela Howe",262.77,84,1573.63,3431
"Nathan Fox",67.79,70,2131.77,3431
"Judy Langley",364.91,108,1754.04,3431
"Ross Frederick",564.82,60,2115.95,3431
"Ronald Perry",285.03,67,2851.72,3431
"Kathy Turner",192.64,66,567.56,3424
"Sherri McIntosh",295.08,56,1117.37,3424
"Donna Hawkins",230.79,57,1112.75,3424
"Gail Welch",313.51,62,899.12,3424
"Cecil Bray Bush",229.41,61,946.75,3424
"Larry Langston",92.84,73,719.67,3424
"Jerry Creech",212.04,62,994.83,3424
"Thelma Abrams",135.14,71,517.1,3424
"Miriam Drake",118.7,58,878.08,3424
"Patrick Rhodes",423.77,64,1038.73,3424
"Charlie Moore",258.82,76,983.51,3424
"Ernest Barber",322.09,71,1170.71,3424
"Lawrence Norris",94.81,84,748.33,3424
"Francis Edwards",636.85,54,983.06,3423
"Brenda Cowan",274.04,68,903.54,3423
"Danny Schaefer",229.82,71,912.09,3423
"Dennis Thornton",301.39,54,519.69,3423
"Eugene Chandler",613.5,64,1131.32,3423
"Arlene Weber",134.78,56,1057.98,3423
"Ross O'Donnell",295.01,67,987.43,3423
"Eddie Boyd",271.91,56,1105.33,3422
"Sara Faulkner",235.72,64,979.09,3422
"Rebecca Lindsey",230.79,88,880.77,3422
"Jeremy Pratt",173.26,75,771.94,3422
"Harry Cooper",200.97,57,1067.1,3422
"Glen Choi",99.15,61,599.58,3422
"Shannon McClure",247.16,82,1031.92,3422
"Audrey Hendricks",500.18,74,1127.05,3422
"Geoffrey Hewitt",271.81,63,791.7,3422
"Diane Flynn",664.69,45,5051.35,3344
"Daniel Jones",374.97,40,3626.87,3344
"Samantha Weaver",334.77,53,3832.62,3344
"Jay Simon",622.89,29,4525.49,3344
"Gilbert Scarborough",508.35,47,5279.99,3344
"Wesley Cho",604.42,43,6788.16,3344
"Phyllis Adcock",177.18,49,3643.19,3344
"Lynn Hines",325.43,45,3558.78,3344
"Marc S Liu",73.86,51,3792.1,3344
"Alexandra Duke",309.35,41,4002.07,3344
"Jesse Farrell",202.82,53,3886.21,3344
"Jeanette Boswell",298.99,51,4621.78,3344
"Gilbert Godfrey",710.62,52,3917.65,3343
"Kathryn Tate",762.71,52,4297.17,3343
"Amy Ellis Holder",533.62,46,5450.25,3343
"Steven Long",85,40,9573.17,3343
"Jeanne Woodruff",144.71,43,3689.37,3343
"Carla Wilson",234.86,37,14531.07,3343
"Brenda Ross",168.62,38,3571.45,3343
"Shawn Beasley",294.35,41,4537.92,3343
"Catherine Woodard",632.41,35,4004.44,3343
"Gilbert Vogel",85.67,36,4560.01,3343
"Rhonda Tuttle",59.42,48,11811.87,3343
"Tara Gold",756.46,39,4686,3342
"Gretchen Levine",743.35,32,3734.71,3342
"Mary Hewitt",691.82,48,5931.96,3342
"Alison Jones",246.23,41,3493.5,3342
"Roger Liu",266.15,45,12952.66,3342
"Penny Davenport",240.15,39,3739.53,3342
"Donna Block",50.46,46,5137.36,3341
"David Powell",252.49,31,7974.21,3341
"Stuart McLean",98.11,35,5533.69,3341
"William Larson",392.72,36,6500.06,3341
"Albert Tyson",126.55,41,5461.7,3341
"Josephine Rao",89.2,36,7357.34,3341
"Derek Shah",237.04,32,2036.84,3334
"Samuel Simmons",134.28,50,1318.22,3334
"Brent Graves",505.05,31,1756.97,3334
"Stacey Davenport",133.86,40,2157.33,3334
"Ross Wang Bates",615.68,32,1460.26,3334
"Rebecca Rhodes",572.17,49,2383.06,3334
"Brad Pearce",65.32,50,2976.04,3334
"Lynne Wilcox",272.87,49,1612.55,3334
"Nelson House",534.57,30,1556.72,3334
"Matthew Conway",101.58,41,1370.42,3334
"Miriam Francis",256.21,31,1976.41,3334
"Sam Woodward",531.32,37,1808.53,3334
"Rodney Proctor",636.3,42,1599.05,3334
"Marc Bowles",299.99,52,1389.8,3334
"Benjamin Humphrey",414.17,45,1615.65,3334
"Benjamin Bates",207.96,33,1650.58,3334
"Patricia Carver Fink",715.77,53,1639.28,3334
"Irene Conway",501.48,44,3319.72,3334
"Holly Pate",693.76,38,2794.56,3334
"Emma Copeland",300.9,35,1645.21,3334
"Keith Pittman",766.68,30,1693.86,3334
"Cathy Weber",430.23,48,1494.26,3334
"Lucy Arthur",665.97,53,2423.07,3334
"Maxine Joyner",259.89,49,1950.3,3334
"Marie Pittman",390.89,49,2883.7,3334
"Vickie Morse",742.31,36,1380.62,3333
"Cecil Shields",458.19,37,3401.46,3333
"William Woodard",359.95,50,2477.68,3333
"Gregory Holden",512.8,42,1883.41,3333
"Dwight M Carr",687.96,41,1956.94,3333
"Sidney Bowling",160.6,32,3008.67,3333
"Penny Kaufman",748.39,46,1307.29,3333
"Becky O'Brien",227.88,50,2112.93,3333
"Emma Bloom",283.41,38,1520.22,3333
"James Perez",763.71,43,1814.01,3333
"Marjorie Owens",656.42,48,2170.48,3333
"Renee McDowell",703.98,51,1268.43,3333
"Nancy White",264.21,41,1335.01,3333
"Gwendolyn F Tyson",697.16,35,1244.48,3333
"Dorothy Gonzalez",158.66,49,1424.13,3333
"Daniel Christian",294.24,45,3366.92,3333
"Dana Boyle",193.56,46,3055.29,3333
"Ryan Foster",494.41,40,1886.08,3333
"Eddie Walker",573.29,50,3055.17,3333
"Kristin Hunt",470.96,36,2776.96,3333
"Jimmy Wang",168.67,29,1429.89,3333
"Miriam Proctor",366.48,53,2004.86,3333
"Keith R Atkinson",484.38,30,1666.35,3333
"John House",409.46,40,3362.12,3333
"Connie Bunn",732.89,51,2463.51,3332
"Craig Wong",181.1,30,2610.61,3332
"Carol Saunders",216.49,38,1820.72,3332
"Robyn Crawford",111.73,43,2391.63,3332
"Rose McCarthy",475.89,39,3248.67,3332
"Joan Floyd",619.07,49,2557.78,3332
"Lorraine Kelly",544.16,36,1304.67,3332
"Bernard Thompson",194.1,52,2417.47,3332
"Cindy McLeod",430.83,38,2977.56,3332
"Gretchen Wiggins",726.24,39,2444.68,3332
"Laurence Hull",251.46,48,1565.95,3332
"Jeffrey Lloyd",462.12,31,1588.38,3332
"Susan Boone",268.42,40,1808.9,3332
"Justin Hull",748.76,45,1505.11,3332
"Annette Sharpe",119.31,40,3053.38,3332
"Annie McLaughlin",453.71,49,3055.63,3332
"Jimmy Xu",583.19,29,1311.44,3332
"Arnold Floyd Blair",65.24,39,1536.25,3332
"Ricky Allred",363.62,38,2337.89,3332
"Kristin Hodge",402.92,41,1500.08,3332
"Monica Stuart",248.74,41,1308.41,3332
"Michael Robbins",97.9,30,3076.53,3331
"James Nicholson",225.68,51,2296.86,3331
"Valerie Siegel",146.52,52,2370.85,3331
"Vicki Hauser",75.04,35,2462.39,3331
"Tina Monroe",143.41,39,1348.44,3331
"Janet Zhang",380.36,41,1920.93,3331
"Joe George",463.66,40,2940.62,3331
"Michele Bradshaw",733.06,39,1304.01,3331
"Malcolm Floyd",676.6,33,1781.19,3331
"Frances Ray",104.68,43,1586.06,3331
"Kent Medlin",104.01,40,2280.11,3331
"Lloyd Levin",569.63,49,2724.37,3331
"Jessie Houston",422.83,30,1281.08,3331
"Lee McKenna Gregory",112.81,31,1529.06,3331
"Robyn Zhou",171.93,50,1439.33,3331
"Colleen Andrews",167.5,36,1717.85,3331
"Martha Jenkins",501.15,30,1245.41,3331
"Leon Doyle",294.94,46,827.09,3324
"Larry Brock",327.66,36,627.2,3324
"Paula Hubbard",384.94,44,1114.07,3324
"Maureen Stout",320.21,47,1172.1,3324
"Claudia Snyder",105.9,40,335.62,3324
"Marguerite Kane",392.16,36,872.1,3324
"Sean Burton",402.07,42,1144.7,3324
"Christopher Norton Patterson",581.37,36,1194.85,3324
"Tony Chandler",264.51,47,826.29,3324
"Judy Kirk",116.53,33,452.85,3324
"Alexandra Fuller",130.94,53,749.57,3324
"Kerry Green",177,40,479.85,3324
"Pam Gilbert",239.21,43,986.71,3324
"Julian F Wolfe",112,50,427.96,3324
"Brandon E Shepherd",462.29,39,1086.92,3323
"Mike Pollard",471.5,44,1090.6,3323
"Jill Foster",423.34,35,916.85,3323
"Judith Shepherd",402.25,36,947.01,3323
"Jay Shaffer Desai",410.3,30,1217.7,3323
"Edgar Oakley",441.92,30,685.93,3323
"Sharon Sellers",332.53,33,646.27,3323
"Nathan Wyatt",409.35,50,979.06,3323
"Betty Schroeder",354.68,37,604.74,3323
"Andrew Beard",403.05,30,1079.35,3323
"Stephanie Hawkins",317.72,53,940.59,3323
"Constance Britt",176.95,31,719.34,3323
"Melvin Benton",633.12,41,1099.58,3323
"Jill Barefoot",70.16,32,340.08,3323
"Joyce Murray",277.37,47,812.22,3323
"Kevin Wolfe",580.35,48,768.2,3323
"Jennifer Marks",746.25,29,481.36,3323
"Leslie Shannon",190.81,46,854.58,3323
"Paula Joyce Browning",301.33,31,853.52,3322
"Mary O Rich",260.79,47,993.91,3322
"Alan Griffith",323.53,48,505.88,3322
"Ron Bullock",682.84,40,989.63,3322
"Vincent Lindsay",138.57,39,798.05,3322
"Neil Arnold Kidd",69.09,31,493.59,3322
"Erika Morgan",73.14,36,555.3,3322
"Joyce Knowles",418.59,38,870.3,3322
"Phyllis Little",181.58,29,475.41,3322
"Bruce Adcock",429.69,35,622.74,3322
"Sylvia Bush",178.68,35,576.22,3322
"Kevin Randall Briggs",472.23,32,1044.41,3322
"Shannon Aldridge",380.18,34,1168.43,3322
"Keith Forbes",523.96,43,1142.89,3322
"Sam Rouse",679.21,36,1088.58,3322
"Lori Hirsch",119.68,34,450.04,3322
"Ray Morgan",77.08,39,346.79,3322
"Melinda Sloan",287.37,31,588.61,3322
"Alfred Moran",299.71,36,1198.36,3322
"Dana Burgess",111.08,30,353.99,3321
"Alex Nicholson",454.01,29,662.98,3321
"Sherri McKinney",117.72,36,728.43,3321
"Henry Ball",87.21,33,517.99,3321
"Florence Herman",455.8,34,793.23,3321
"Eugene H Walsh",77.89,37,925.82,3321
"Herbert Cline",72.32,48,1047.09,3321
"Wesley Field",318.48,50,1114.5,3321
"Samantha Allen",212.96,44,466.72,3321
"Monica Howard",104.12,30,671.87,3321
"Mark Ritchie",212.1,37,447.04,3321
"Arlene Barry Kane",331.61,38,629.25,3321
"Henry O'Connell",80.13,32,627.46,3321
"Russell W Melton",161.94,51,943.21,3321
"Claudia Wall",249.45,29,388.04,3321
"Lloyd Bland",91.32,36,142.83,3314
"Ron Newton",106.02,43,156.11,3314
